[
    {"id":1234,"brand":"LG","acname":"LG 1.5 Ton 5 Star Inverter Split AC (Copper, KS-Q18YNZA, White)","price":"41,990.00","Capacity":"1.5 tons","Rating":"5 Star Rating", "specialfeatures":"Inverter, dust_filter, air_purifier, dehumidifier", "Type":"Split", "acurl":"https://images-na.ssl-images-amazon.com/images/I/61XBpJd6U0L._SL1500_.jpg"},

    {"id":4321,"brand":"Mitashi","acname":"Mitashi 1.5 Ton 5 Star Inverter Split AC (Copper, MiSAC155INv35, White)","price":"31,990.00","Capacity":"1.5 tons","Rating":"5 Star Rating", "specialfeatures":"Inverter, dust_filter, air_purifier, dehumidifier", "Type":"Split", "acurl":"https://images-na.ssl-images-amazon.com/images/I/71nAeLy%2BGZL._SL1500_.jpg"},

    {"id":1122,"brand":"Daikin","acname":"Daikin 1.5 Ton 5 Star Inverter Split AC (Copper, FTKF50TV, White)","price":"49,299.00","Capacity":"1.5 tons","Rating":"5 Star Rating", "specialfeatures":"Inverter, dust_filter, air_purifier, dehumidifier", "Type":"Split", "acurl":"https://images-na.ssl-images-amazon.com/images/I/61muKy7uc2L._SL1500_.jpg"},
    
    {"id":2211,"brand":"Blu Star","acname":"Blue Star 1.5 Ton 5 Star Inverter Split AC (Alloy, 5CNHW18QATX/IC518QATX, White)","price":"43,990.00","Capacity":"1.5 tons","Rating":"5 Star Rating", "specialfeatures":"Inverter, dust_filter, air_purifier, dehumidifier", "Type":"Split", "acurl":"https://images-na.ssl-images-amazon.com/images/I/61vMGmzrifL._SL1500_.jpg"}
]